{"cameraMode":{"drawMode":0,"name":"Shaded","section":"Shading Mode"},"sceneLighting":false,"audioPlay":false,"sceneViewState":{"showFog":true,"showMaterialUpdate":false,"showSkybox":false,"showFlares":true,"showImageEffects":true,"showParticleSystems":true},"in2DMode":false,"pivot":{"x":4.2699174880981449,"y":-1.9012131690979005,"z":12.000153541564942},"rotation":{"x":-0.0647418275475502,"y":-0.026344148442149164,"z":0.0017097038216888905,"w":-0.9975528717041016},"size":0.859659731388092,"orthographic":false}