{"cameraMode":{"drawMode":0,"name":"Shaded","section":"Shading Mode"},"sceneLighting":true,"audioPlay":false,"sceneViewState":{"showFog":true,"showMaterialUpdate":false,"showSkybox":true,"showFlares":true,"showImageEffects":true,"showParticleSystems":true},"in2DMode":false,"pivot":{"x":-5.754891872406006,"y":-17.855379104614259,"z":-44.673885345458987},"rotation":{"x":0.07024014741182327,"y":-0.9228179454803467,"z":0.20248764753341676,"w":0.3201128840446472},"size":157.18212890625,"orthographic":false}