{"cameraMode":{"drawMode":0,"name":"Shaded","section":"Shading Mode"},"sceneLighting":true,"audioPlay":false,"sceneViewState":{"showFog":true,"showMaterialUpdate":false,"showSkybox":true,"showFlares":true,"showImageEffects":true,"showParticleSystems":true},"in2DMode":false,"pivot":{"x":0.10200119018554688,"y":0.0,"z":-0.07413101196289063},"rotation":{"x":0.11849207431077957,"y":0.025312667712569238,"z":-0.003022885648533702,"w":0.9926321506500244},"size":21.090970993041993,"orthographic":false}